<?xml version="1.0" encoding="UTF-8" standalone="no"?>
<dranklijst>
	<drank>Cola</drank>
<prijs>1,00</prijs>
	<drank>Cola Zero</drank>
<prijs>1,00</prijs>
	<drank>Fanta</drank>
<prijs>1,00</prijs>
	<drank>Sprite</drank>
<prijs>1,00</prijs>
	<drank>Iced Tea</drank>
<prijs>1,00</prijs>
	<drank>Iced Tea Green</drank>
<prijs>1,00</prijs>
	<drank>Bruis Water</drank>
<prijs>1,00</prijs>
	<drank>Plat Water</drank>
<prijs>1,00</prijs>
	<drank>Rodeo</drank>
<prijs>1,00</prijs>
	<drank>Rodeo Exotic</drank>
<prijs>1,00</prijs>
	<drank>Bier</drank>
<prijs>1,20</prijs>
	<drank>Kriek</drank>
<prijs>1,50</prijs>
	<drank>Duvel</drank>
<prijs>1,70</prijs>
	<drank>la chouffe</drank>
<prijs>2,20</prijs>
	<drank>Karmeliet</drank>
<prijs>2,20</prijs>
	<drank>Desperados</drank>
<prijs>1,70</prijs>
</dranklijst>