<?xml version="1.0" encoding="UTF-8" standalone="no"?>
<stock>
	<drank>Cola</drank>
<hoeveelheid>24</hoeveelheid>
	<drank>cola Zero</drank>
<hoeveelheid>0</hoeveelheid>
	<drank>Fanta</drank>
<hoeveelheid>7</hoeveelheid>
	<drank>Sprite</drank>
<hoeveelheid>48</hoeveelheid>
	<drank>Iced tea</drank>
<hoeveelheid>24</hoeveelheid>
	<drank>Iced tea green</drank>
<hoeveelheid>0</hoeveelheid>
	<drank>Bruis water</drank>
<hoeveelheid>30</hoeveelheid>
	<drank>Plat water</drank>
<hoeveelheid>0</hoeveelheid>
	<drank>Rodeo</drank>
<hoeveelheid>6</hoeveelheid>
	<drank>Rodeo Exotic</drank>
<hoeveelheid>0</hoeveelheid>
	<drank>Bier</drank>
<hoeveelheid>168</hoeveelheid>
	<drank>Kriek</drank>
<hoeveelheid>73</hoeveelheid>
	<drank>Duvel</drank>
<hoeveelheid>72</hoeveelheid>
	<drank>la chouffe</drank>
<hoeveelheid>0</hoeveelheid>
	<drank>karmeliet</drank>
<hoeveelheid>0</hoeveelheid>
	<drank>desperados</drank>
<hoeveelheid>0</hoeveelheid>
</stock>