<?xml version="1.0" encoding="UTF-8" standalone="no"?>
<kassa>
  <eenheid>500</eenheid>
<hoeveel>2</hoeveel>
  <eenheid>200</eenheid>
<hoeveel>2</hoeveel>
  <eenheid>100</eenheid>
<hoeveel>2</hoeveel>
  <eenheid>50</eenheid>
<hoeveel>2</hoeveel>
  <eenheid>20</eenheid>
<hoeveel>2</hoeveel>
  <eenheid>10</eenheid>
<hoeveel>2</hoeveel>
  <eenheid>5</eenheid>
<hoeveel>2</hoeveel>
  <eenheid>2</eenheid>
<hoeveel>2</hoeveel>
  <eenheid>1</eenheid>
<hoeveel>2</hoeveel>
  <eenheid>0.5</eenheid>
<hoeveel>2</hoeveel>
  <eenheid>0.2</eenheid>
<hoeveel>2</hoeveel>
  <eenheid>0.1</eenheid>
<hoeveel>2</hoeveel>
  <eenheid>0.05</eenheid>
<hoeveel>0</hoeveel>
  <eenheid>0.02</eenheid>
<hoeveel>0</hoeveel>
  <eenheid>0.01</eenheid>
<hoeveel>0</hoeveel>
</kassa>